<?xml version="1.0" encoding="UTF-8"?>
<project-private xmlns="http://www.netbeans.org/ns/project-private/1">
    <editor-bookmarks xmlns="http://www.netbeans.org/ns/editor-bookmarks/2" lastBookmarkId="0"/>
    <open-files xmlns="http://www.netbeans.org/ns/projectui-open-files/2">
        <group>
            <file>file:/C:/Users/Denzel/Desktop/DVDStoreF/DVDStore0/DVDStore/GUIapp/src/AdminLogin.java</file>
            <file>file:/C:/Users/Denzel/Desktop/DVDStoreF/DVDStore0/DVDStore/GUIapp/src/db/SimpleDBConnect.java</file>
            <file>file:/C:/Users/Denzel/Desktop/DVDStoreF/DVDStore0/DVDStore/GUIapp/src/db/A.java</file>
            <file>file:/C:/Users/Denzel/Desktop/DVDStoreF/DVDStore0/DVDStore/GUIapp/src/System.java</file>
            <file>file:/C:/Users/Denzel/Desktop/DVDStoreF/DVDStore0/DVDStore/GUIapp/src/HomeAdmin.java</file>
            <file>file:/C:/Users/Denzel/Desktop/DVDStoreF/DVDStore0/DVDStore/GUIapp/src/MyConnection.java</file>
            <file>file:/C:/Users/Denzel/Desktop/DVDStoreF/DVDStore0/DVDStore/GUIapp/src/DeleteCustomer.java</file>
            <file>file:/C:/Users/Denzel/Desktop/DVDStoreF/DVDStore0/DVDStore/GUIapp/src/DeleteMovie.java</file>
            <file>file:/C:/Users/Denzel/Desktop/DVDStoreF/DVDStore0/DVDStore/GUIapp/src/MovieRent.java</file>
            <file>file:/C:/Users/Denzel/Desktop/DVDStoreF/DVDStore0/DVDStore/GUIapp/src/MovieReturn.java</file>
            <file>file:/C:/Users/Denzel/Desktop/DVDStoreF/DVDStore0/DVDStore/GUIapp/src/NewCustomer.java</file>
            <file>file:/C:/Users/Denzel/Desktop/DVDStoreF/DVDStore0/DVDStore/GUIapp/src/NewMovie.java</file>
            <file>file:/C:/Users/Denzel/Desktop/DVDStoreF/DVDStore0/DVDStore/GUIapp/src/Rent.java</file>
            <file>file:/C:/Users/Denzel/Desktop/DVDStoreF/DVDStore0/DVDStore/GUIapp/src/SearchCustomer.java</file>
            <file>file:/C:/Users/Denzel/Desktop/DVDStoreF/DVDStore0/DVDStore/GUIapp/src/SearchMovies.java</file>
        </group>
    </open-files>
</project-private>
